surveys,eventid
[],2224325
[],2240042
[],2252874
[],2281637
[],2281639
[],2313114
[],2351631
[],2344090
[],2374200
[],2374213
[],2244794
[],2408394
[],2311875
[],2360211
[],2360265
[],2395867
[],2244805
[],2261842
[],2261840
[],2395883
[],2395890
[],2506569
[],2528523
[],2536383
"[{'surveyid': '2533523_survey1', 'surveycode': 'survey1', 'surveyquestions': [{'questionid': 28485469, 'questiontype': 'singletext', 'question': 'Did you enjoy the Demo?', 'responses': 3}]}]",2533523
