name,profileurl
Vrtx,https://wcc.on24.com/webcast/accountengagementprofile?token=FwBxwB+WaInez+XjB6H1GXPCq8hMuWs1XW1yhIWSBFeH6gaTZgp0+jRgzL5H4hzG2ZYkaAfunAvPbSEu90sZ+oLNSve3fgsU+/aKq9vWeON2EO4Q8B4uYOCFLHD3qZ5God3OFiVfqsBzR+hjUltBPQ==
Uzh,https://wcc.on24.com/webcast/accountengagementprofile?token=5yt3N9RNT8beGCDr8IURbFAjMO0Ez5+XLd3nbKEA0sJnUQOA477uvueX7werZofd7LGFqlBkTybGPMSB6w6lhtrf91N+TCP8+todCuI+y9WCNrbEqkD69NNraqQsSr1SBi4snGP7K8Mla/lTTnIGvvmnpQdTtsfG7+xxz4nC604=
Quartierbleu,https://wcc.on24.com/webcast/accountengagementprofile?token=fls5w9XGoMS3FSPgYNB0hypF5eNYWwhT4d0fNPmSEPmoZazZ1cIA728sCxds1XGiw8gdkdfLoSIMyo1Q1kr4VieVCVmz1wiuVVjjKQBkQm0jlwsG32pfVQn2ltb3VwqaqmTYQcSLS6wjX4RVkdEo/NWj0cvX1rT8V42D/iRwZkA=
Insel,https://wcc.on24.com/webcast/accountengagementprofile?token=tKtEebCtep29PBgddBXVunaVrHgi7LxpN1ilUiopP75gghKj97yXt7GSK+dvc1G1XWgigChQqeIIRzk0o9LN/Fp2N9aziggMoB69h0bZrE6E9zMB5ipwKbQcQCIJtacbBk0r9CEdMGqKTBGz7jmOxw==
Chuv,https://wcc.on24.com/webcast/accountengagementprofile?token=LTVZOQgFxKz77Qs9qzjAh4MAZDZAIal7NOFdnaD6R1jDyB2R18uhIgzKjVDWSvhWJ5UJWbPXCK5VWOMpAGRCbSOXCwbfal9VCfaW1vdXCpqqZNhBxItLrCNfhFWR0Sj81aPRy9fWtPxXjYP+JHBmQA==
Usz,https://wcc.on24.com/webcast/accountengagementprofile?token=Z5ELkKCL0bOy34X1sXq79Hzm+xvzsfNTQjYz96TfMO4TgebjiRWGAE25ftu/sroF8lie218cRcwmMwhzktBWmAhr5avGdj29ZvySuRQtsY5ygSmCZsRMRuaiSpyBQ6Fi1TjDihvVy3h78KgC2lqKOg==
On24,https://wcc.on24.com/webcast/accountengagementprofile?token=qkTPR2Ue8b5gWJQ5Rx93CnZxjujI3mCZ3ZN6uH2214WH6gaTZgp0+jRgzL5H4hzG2ZYkaAfunAvPbSEu90sZ+oLNSve3fgsU+/aKq9vWeON2EO4Q8B4uYOCFLHD3qZ5God3OFiVfqsBzR+hjUltBPQ==
Msn,https://wcc.on24.com/webcast/accountengagementprofile?token=4h49xqSSJYQflZqaORQP95HgJ/MkG3PAnaz8Y+1wo40RPOwN32uz2xJOJYMDSExNP65hz1aN0oU2g3t0+4OZIw11HJi/Ri7VeR/Vx+fYCMynlTbhK+z5ai1WvZUPOIjSxsvisxGx6VXlIjhxRLuFKg==
Ksa,https://wcc.on24.com/webcast/accountengagementprofile?token=p9/1WQBVWSPKzUkb1KUubDl5uy+BgdKWBTfsGatmaJATgebjiRWGAE25ftu/sroF8lie218cRcwmMwhzktBWmAhr5avGdj29ZvySuRQtsY5ygSmCZsRMRuaiSpyBQ6Fi1TjDihvVy3h78KgC2lqKOg==
Bluewin,https://wcc.on24.com/webcast/accountengagementprofile?token=3FRMv46wTM1951Xs04P1Uz+ZQWBU+fvGb0+8oKXNOw0lRNwCjAIMrKhA+HGMD4WRRna8jVFqlj7pOVP81RErXQIbymWY2e8vQYlzBzTQGAU6VXWW44ZkFIWUGwj/yYHt6+C0qt4Yc15O2jUiyqeyh8ls2IEJVhA9IlgQp42yb2I=
Hcuge,https://wcc.on24.com/webcast/accountengagementprofile?token=PuWWCMtw49WLTynVNncB9KbhNFEMHF9TdpyANLyO/CVgghKj97yXt7GSK+dvc1G1XWgigChQqeIIRzk0o9LN/Fp2N9aziggMoB69h0bZrE6E9zMB5ipwKbQcQCIJtacbBk0r9CEdMGqKTBGz7jmOxw==
Rhne,https://wcc.on24.com/webcast/accountengagementprofile?token=4KMnnfki9krtpaE3QhCroEhuAIPCvlw9tWbPYn1n4q/DyB2R18uhIgzKjVDWSvhWJ5UJWbPXCK5VWOMpAGRCbSOXCwbfal9VCfaW1vdXCpqqZNhBxItLrCNfhFWR0Sj81aPRy9fWtPxXjYP+JHBmQA==
